epoch,accuracy,loss,val_accuracy,val_loss
0,0.111387625,2.3099636808555437,0.1135,2.30201654586792
1,0.112389766,2.3016285268079146,0.1135,2.301334758758545
