indiv,blueprint,scores,features,species,generation
1,7,"[14.538521766662598, 0.098]","(5, 4, 466)",2,0
2,8,"[0.19609613090753555, 0.941]","(5, 4, 271)",0,1
