epoch,acc,loss,val_acc,val_loss
0,0.3909673971138429,7.496174670743917,0.1135,14.288696400451661
1,0.11250668091531235,14.30470683598888,0.1135,14.288696400451661
