{
    "val_loss": [
        14.288696400451661,
        14.288696400451661
    ],
    "val_acc": [
        0.1135,
        0.1135
    ],
    "loss": [
        7.496174670743917,
        14.30470683598888
    ],
    "acc": [
        0.3909673971138429,
        0.11250668091531235
    ]
}